Workbook

Sheet Staff_Master
A1: 職員名 | B1: 契約区分 | C1: 役職 | D1: ユニット | E1: 固定公休 | F1: 夜勤最少数 | G1: 夜勤最高数 | H1: 備考
A2: 内野 | B2: 40h | C2: リーダー | D2: A | F2: 4 | G2: 6
A3: 千本 | B3: 40h | C3: 一般 | D3: A | F3: 4 | G3: 6
A4: 佐々木 | B4: 40h | C4: 一般 | D4: A・B | F4: 4 | G4: 5
A5: 近藤 | B5: 32h | C5: 一般 | D5: A | F5: 3 | G5: 4
A6: 長谷川 | B6: パート | C6: 一般 | D6: A | F6: 0 | G6: 0 | H6: 早出のみ。週4日勤務。
A7: 平川 | B7: 40h | C7: 総合 | D7: B | F7: 4 | G7: 6
A8: 榊原 | B8: 40h | C8: 一般 | D8: B | F8: 4 | G8: 6
A9: 松本 | B9: 40h | C9: 一般 | D9: B | F9: 4 | G9: 6
A10: 小島 | B10: 40h | C10: 一般 | D10: B | F10: 3 | G10: 4

Sheet Settings
A1: 項目 | B1: 値 | C1: 備考
A2: 作成月 | B2: 46082
A4: 期間（開始日） | B4: 期間（終了日） | C4: 契約区分（週） | D4: 公休数（日数） | E4: 備考
A5: =B2 -> 46082 | B5: 46109 | C5: 40h | D5: 8 | E5: この期間の合計休み数
A6: =B2 -> 46082 | B6: =B5 -> 46109 | C6: 32h | D6: 12 | E6: この期間の合計休み数
A7: =B5+1 -> 46110 | B7: =EOMONTH(B2,0) -> 46112 | C7: 40h | D7: 1 | E7: 月末調整分の休み
A8: =A7 -> 46110 | B8: =B7 -> 46112 | C8: 32h | D8: 1 | E8: 月末調整分の休み
A10: 勤務略称 | B10: 正式名称 | C10: 勤務時間 | D10: AIへの説明 | E10: 公休
A11: 早 | B11: 早出 | C11: 07:00~16:00 | D11: 1日の始まりのシフト | E11: ○
A12: 日 | B12: 日勤 | C12: 08:30~17:30 | D12: 標準的なシフト | E12: ○
A13: 遅 | B13: 遅出 | C13: 13:00~22:00 | D13: 1日の終わりのシフト
A14: 夜 | B14: 夜勤 | C14: 22:00~0700 | D14: 翌朝までの宿泊を伴うシフト | E14: ○
A15: × | B15: 休み | D15: 勤務なし | E15: ○
A17: 勤務の組み合わせ禁止パターン
A18: 以下の連続した勤務パターンは、休息時間が短すぎるため禁止とします。
A19: 遅→早 | B19: 遅出の翌日に早出を入れない（最低11時間の休息が必要）
A20: 夜→早 | B20: 夜勤明けの当日に他のシフトを入れない
A21: 夜→日 | B21: 夜勤の翌日は必ず「×（休み）」にする
A23: どうしても遅→早を入れなければならない状況になったら、代わりに『日勤』または『休み』を増やして調整し、遅→早だけは絶対に回避せよ
A25: ルール項目 | B25: 連勤上限 | C25: OKパターン | D25: NGパターン（禁止）
A26: 40h | B26: 5日間 | C26: 出-出-出-出-出-× | D26: 出-出-出-出-出-出（6連勤）
A27: 32h | B27: 4日間 | C27: 出-出-出-出-× | D27: 出-出-出-出-出（5連勤）
A28: パート | B28: 4日間 | C28: 出-出-出-出-× | D28: 出-出-出-出-出（5連勤）
A30: 最低必要人数 | B30: ユニットA | C30: ユニットB
A31: 早出 | B31: 1 | C31: 1
A32: 遅出 | B32: 1 | C32: 1
A33: 夜勤 | B33: 施設全体で1日1名（ユニットAまたはB、あるいは共通スタッフから1名選出）。

Sheet Shift_Requests
A1: =Settings!B2 -> 46082 | B1: 希望休、指定勤務
A2: 職員名 | B2: =Settings!B2 -> 46082 | C2: =B2+1 -> 46083 | D2: =C2+1 -> 46084 | E2: =D2+1 -> 46085 | F2: =E2+1 -> 46086 | G2: =F2+1 -> 46087 | H2: =G2+1 -> 46088 | I2: =H2+1 -> 46089 | J2: =I2+1 -> 46090 | ... AF2: =AE2+1 -> 46112
B3: =TEXT(B2,"aaa") -> 日 | C3: =TEXT(C2,"aaa") -> 月 | D3: =TEXT(D2,"aaa") -> 火 | E3: =TEXT(E2,"aaa") -> 水 | F3: =TEXT(F2,"aaa") -> 木 | G3: =TEXT(G2,"aaa") -> 金 | H3: =TEXT(H2,"aaa") -> 土 | I3: =TEXT(I2,"aaa") -> 日 | ... AF3: =TEXT(AF2,"aaa") -> 火
A4: =(Staff_Master!A2) -> 内野 | M4: 早出 | R4: 早出 | T4: 日勤 | U4: 休み | Y4: 休み
A5: =(Staff_Master!A3) -> 千本
A6: =(Staff_Master!A4) -> 佐々木 | D6: 休み | AC6: 休み
A7: =(Staff_Master!A5) -> 近藤 | O7: 休み
A8: =(Staff_Master!A6) -> 長谷川
A9: =(Staff_Master!A7) -> 平川 | R9: 早出
A10: =(Staff_Master!A8) -> 榊原
A11: =(Staff_Master!A9) -> 松本 | B11: 休み | E11: 休み | I11: 休み | T11: 日勤
A12: =(Staff_Master!A10) -> 小島 | B12: 休み | C12: 有給 | D12: 有給 | E12: 有給 | F12: 有給 | G12: 有給 | H12: 休み | I12: 有給 | J12: 有給 | Q12: 休み
A13: =(Staff_Master!A11) -> 0
A14: =(Staff_Master!A12) -> 0
A15: =(Staff_Master!A13) -> 0

Sheet Prev_Month
A1: =Shift_Requests!A1-1 -> 46081 | B1: 前月の勤務
A2: 職員名 | B2: =C2-1 -> 46077 | C2: =D2-1 -> 46078 | D2: =E2-1 -> 46079 | E2: =F2-1 -> 46080 | F2: =EOMONTH(Settings!B2,-1) -> 46081
A3: =Staff_Master!A2 -> 内野 | B3: 日勤 | C3: 休み | D3: 日勤 | E3: 遅出 | F3: 遅出
A4: =Staff_Master!A3 -> 千本 | B4: 遅出 | C4: 遅出 | D4: 遅出 | E4: 休み | F4: 休み
A5: =Staff_Master!A4 -> 佐々木 | B5: 遅出 | C5: 休み | D5: 休み | E5: 休み | F5: 早出
A6: =Staff_Master!A5 -> 近藤 | B6: 休み | C6: 早出 | D6: 遅出 | E6: 休み | F6: 休み
A7: =Staff_Master!A6 -> 長谷川 | B7: 早出 | C7: 休み | D7: 早出 | E7: 早出 | F7: 休み
A8: =Staff_Master!A7 -> 平川 | B8: 夜勤 | C8: 休み | D8: 早出 | E8: 休み | F8: 夜勤
A9: =Staff_Master!A8 -> 榊原 | B9: 遅出 | C9: 休み | D9: 遅出 | E9: 夜勤 | F9: 休み
A10: =Staff_Master!A9 -> 松本 | B10: 遅出 | C10: 休み | D10: 早出 | E10: 早出 | F10: 休み
A11: =Staff_Master!A10 -> 小島 | B11: 早出 | C11: 遅出 | D11: 夜勤 | E11: 休み | F11: 早出
A12: =Staff_Master!A11 -> 0
A13: =Staff_Master!A12 -> 0
A14: =Staff_Master!A13 -> 0

Sheet shift_result
A1: 作成月 | B1: 日付
B2: 曜日
A3: ユニット名 | B3: 職員名 | AH3: 早出 | AI3: 遅出 | AJ3: 日勤 | AK3: 夜勤 | AL3: 公休
B20: A早出
B21: B早出
B22: A遅出
B23: B遅出
B24: 夜勤
